Wavenumber,Intensity
448.855820167462,-23.5167092212001
449.862348583203,-16.5331154532755
450.866853336796,24.4424426996046
451.873161131159,-10.5863163365875
452.87935853711,21.3787453716233
453.885445572812,33.3376298400697
454.889509857909,11.2885337071718
455.895376417328,19.2350814751681
456.901132660928,4.17545804309668
457.904866837068,3.10789521631659
458.910402713106,5.03594714577605
459.91582832772,16.9578339089322
460.919232557673,16.8718224436903
461.924437913375,31.7813966184984
462.929533062009,24.6848116548284
463.932607508439,53.5803695887927
464.937482506739,76.4714840750517
465.940337257468,52.3547688452551
466.944992177757,52.2335907978444
467.949536981487,77.1062636439031
468.952062219523,38.9711478328981
469.956387053701,72.8315401638482
470.958692776435,57.6841711794083
471.962797713304,48.5322909985313
472.964883992827,45.3726768261033
473.968769104599,54.2085321314283
474.972544226348,62.0382523465976
475.974301371825,54.8602795355473
476.977856776771,55.677747227947
477.979394659159,52.487549173433
478.982730419434,32.2927723280116
479.984049110713,76.0903569971832
480.985258337663,64.8818418226825
481.988264870537,45.6687189484447
482.989255014255,35.4479984347906
483.992042082618,55.2226509584238
484.992813215006,53.9897330597371
485.995380890881,54.7521689478998
486.995933083808,20.5070616130897
487.996375938068,25.2558683346242
488.99861476449,0.0
489.998838787002,52.7366291952453
490.998953524635,34.4671783931687
492.000863663374,63.1930237200729
493.000759676899,32.911407289851
494.002450710857,55.6250677882483
495.002128072018,57.3312936580015
496.001696237879,23.0314494292711
497.001155226329,25.7255370783801
498.002408474591,66.4148633111168
499.001648954004,60.0968090933548
500.000780309687,38.7726926822705
501.001705354943,55.4437861242648
502.000618309019,56.1075397094673
502.999422193012,65.7652370243739
503.998117024784,83.416880040788
504.996702822195,108.062470729859
505.997081359624,84.7032234621967
506.995448934275,81.3367038886174
507.993707528152,126.964137901044
508.991857159098,101.58552746806
509.989897844954,125.200874557595
510.989730322025,106.81133595833
511.987552963773,150.414592494024
512.985266713958,162.011812455928
513.982871590406,184.602997809402
514.980367610935,216.188150519168
515.977754793363,207.767272549304
516.975033155501,211.340365863244
517.972202715158,268.907432423785
518.969263490138,239.468474193077
519.968114350674,257.024544565863
520.964957402575,241.573531170108
521.961691723222,271.116498869453
522.958317330406,240.653449623492
523.95483424191,261.184385391168
524.951242475517,213.709308130798
525.947542049003,239.228219800046
526.943732980143,219.741122355945
527.939815286705,193.248017754888
528.935788986455,173.748907952627
529.931654097155,165.243794904272
530.927410636562,192.732680564305
531.923058622432,186.215566886556
532.918598072514,183.692455824232
533.912133048778,196.162458087701
534.907455687169,190.627369527562
535.902669842966,205.086289434902
536.897775533903,207.539219760368
537.892772777711,259.986162453977
538.887661592117,206.427119465106
539.882441994844,226.862092742497
540.877114003612,214.291084234253
541.869783332224,226.713295834363
542.864238812595,212.130340981231
543.858585952107,247.541410179259
544.852824768464,276.94650537401
545.846955279366,256.345628510414
546.84097750251,323.738781532766
547.832998389059,365.125234561681
548.826804295935,409.506464548666
549.820501968085,396.881730246974
550.814091423187,429.251033598366
551.80568043651,342.613690126699
552.79905371659,326.971085954612
553.792318832608,265.322525253387
554.78547580223,238.668009962254
555.776633224288,181.006900949242
556.769574160007,161.34049362629
557.762407002269,188.668137523623
558.75324096713,165.989227473295
559.745857881233,202.304990942458
560.738366754784,162.614811436423
561.728877420758,122.918117718119
562.721170471823,139.216069376216
563.713355535206,112.508083857956
564.703543060502,118.79362382404
565.695512407005,82.0737810508834
566.685484661418,58.3474901965553
567.677238361384,8.61579788041104
568.666995415107,38.8776839003824
569.658533538848,39.1341497481352
570.649963798113,30.3846919256747
571.639398079842,28.6288520456164
572.630612868326,26.8675639416348
573.61983212475,39.0999201543909
574.610831512689,44.3268094632251
575.599835813894,40.5473694459749
576.590619871494,5.76244385695031
577.579409287536,13.9712152818744
578.569978084972,37.1744824793092
579.558552685878,52.3714730135894
580.548906293292,29.562940676796
581.537266149058,25.7481579826231
582.525518760815,39.9274971539807
583.515549817155,32.1012855204909
584.503587788674,22.2688629436792
585.493403830188,26.430870948722
586.481227231389,10.5866942734675
587.468943475881,17.7366490149651
588.458437228885,23.8810064499215
589.445939007848,29.0192185545872
590.43333368243,23.1515677985516
591.422505304307,37.2782918747694
592.40968561808,6.39890993232706
593.396758879766,15.5136708461463
594.385608527795,19.6227787581762
595.372467533325,13.7258199248386
596.359219539027,43.823009659147
597.347747370386,19.9145185847606
598.334285224517,0.0
599.320716131045,20.0776795453982
600.30704010736,21.1456921874522
601.295139162282,30.2042761556696
602.281249126344,19.2533440507981
603.267252212373,10.2931519876316
604.253148437745,30.3238353539446
605.23893781983,44.3455294504616
606.226501347459,35.3583856163666
607.212076891251,52.3624902174503
608.19754564388,26.3580111867081
609.182907622702,61.3450834769684
610.168162845069,84.3238419542448
611.153311328329,59.2944213977822
612.138353089828,75.2569565001044
613.12516769196,75.2114877982191
614.109995858368,76.1583232393789
615.094717355059,51.0975181535013
616.079332199362,63.0292068865269
617.063840408603,43.9535236979088
618.048242000105,102.870602760659
619.032536991185,44.7805781613941
620.016725399158,44.6835839003855
621.000807241335,65.5797538916017
621.984782535024,45.4692219627572
622.968651297527,59.3521218553591
623.952413546144,48.2285872247522
624.936069298172,33.0987516401675
625.919618570902,33.9627485847673
626.903061381622,51.8207114556917
627.886397747618,62.6727735641053
628.869627686171,43.5190681352443
629.852751214557,35.3597283084615
630.835768350049,47.194887137274
631.818679109919,44.0246775894077
632.801483511431,26.8492325468465
633.782306295136,67.6690341381347
634.764898234607,67.4835257677624
635.747383867464,79.293179781625
636.729763210958,69.0981287193568
637.712036282334,45.8985050350783
638.694203098838,60.6944410974461
639.676263677709,42.4860691896938
640.656344178634,63.2739310281229
641.638192536604,72.0573472795245
642.619934708606,51.8368516465709
643.601570711864,54.6125760714371
644.583100563599,57.3846524111112
645.562651436072,44.1536573820882
646.543969238908,63.918839115655
647.525180941829,68.6807675732411
648.506286562043,44.439574271694
649.4854140812,68.1958594067839
650.466307789968,98.9488221287475
651.447095467592,81.6990568821225
652.425905702325,63.4471788412501
653.406481571499,91.1923556857303
654.386951461059,91.935197589728
655.365444565566,117.676332458567
656.345702749606,106.414900999079
657.325855005529,115.151526866009
658.304031133909,144.886848452426
659.283971787174,122.619983981551
660.263806563786,111.351568344024
661.241665870036,140.082248181763
662.221289146786,140.811123714845
663.198937390974,124.539359479681
664.178349236333,134.266046181823
665.155786486786,75.9923565443455
666.134986969196,86.7173737418975
667.114081694885,79.4417501751847
668.091202482085,83.1661430501875
669.070085947466,87.889627957185
670.046995911649,105.613389421431
671.025668185091,76.3365004511001
672.002367394481,112.060146831438
672.980828544322,74.7834009631725
673.957317067113,87.5074479185245
674.933700372749,117.23188788776
675.911845066019,73.9563239849624
676.888017787258,79.6819365211913
677.865951527614,64.4078049984175
678.841913732577,69.1351040942142
679.819636588254,49.8629195933873
680.795388345032,19.5924185759193
681.77103500371,42.3232084964168
682.74844176089,41.0549066043838
683.723878073432,40.7886649117876
684.699209338834,59.5240976673818
685.676300150785,21.2608318495159
686.651421172033,0.0
687.626437197067,77.7401895105901
688.603212216958,21.4799091368376
689.578018099755,48.2201505759601
690.552719037231,33.9604153491769
691.529178418131,11.7002051573812
692.503669315221,20.4405114332834
693.478055317852,45.1808358403781
694.452336442957,34.9211766477036
695.428375276761,19.6610356861233
696.402446497158,27.4014041285896
697.376412890847,31.1417837818045
698.350274474748,31.8821729192742
699.324031265779,-0.377430184380501
700.299544847837,57.3624763897442
701.273091903576,56.1028836387508
702.246534217207,34.843293473883
703.219871805632,31.5837041742165
704.19310468575,32.3241140199361
705.166232874457,22.0645212923387
706.139256388643,39.8049242738313
707.112175245199,35.5453212479305
708.086849426209,37.2852141031042
709.059558818121,20.0255938977155
710.032163603075,5.76596253886061
711.004663797947,38.50631831449
711.977059419604,55.2466595136626
712.949350484914,43.9869844265406
713.92153701074,75.7272913443944
714.893619013939,39.4675785595977
715.865596511368,74.2078443656299
716.837469519879,56.9480870570734
717.809238056319,95.6883049296119
718.780902137534,77.4284962800342
719.752461780364,61.1686594062301
720.723917001645,96.9087926071899
721.695267818213,98.6488941830056
722.666514246897,114.38896243487
723.637656304523,177.128995665073
724.608694007915,159.868992177005
725.577771004287,170.609447524937
726.548600249113,153.349365593196
727.519325190119,168.089241863181
728.489945844113,128.829074642668
729.4604622279,114.568862240531
730.430874358281,45.3086029667414
731.401182252054,62.0482951323619
732.369530951501,60.7884349151716
733.33963062166,66.5280249980917
734.30962610555,69.2675614634
735.279517419954,60.0070426265322
736.24930458165,40.7464668040149
737.217133628328,35.4863307156215
738.186712734,24.2256359927464
739.15618773725,16.9648792435599
740.125558654843,43.7040587889492
741.092972320138,16.4436718400402
742.062135315635,21.1827190714199
743.031194275716,3.9216975697716
744.000149217133,20.6606056603308
744.967147768405,15.3999410968003
745.935894921539,29.1387034944488
746.904538106208,26.8773904697292
747.871225546867,9.61650021674018
748.839661043522,35.35503148929
749.807992621877,21.0934823346436
750.774369102042,31.8323514159777
751.742493092588,3.57063656824806
752.708662415172,39.3093369549316
753.676578884655,36.0474497668026
754.644391519366,11.785473832789
755.610250131401,25.5239086613125
756.577855345146,22.2617504289179
757.543506966089,0.0
758.510904825542,11.7374760739688
759.476349521928,28.4750103909158
760.443540093734,39.2116040500053
761.408777932065,39.948271034694
762.375761282842,20.6840091124979
763.340792329595,23.4198355301857
764.307568525932,23.1547448261811
765.272392847553,21.8897574080918
766.23896195601,16.6238646876799
767.203579618918,34.3580901310443
768.169941706026,3.09142212558044
769.134352776611,6.82488709366811
770.098660674738,1.55798216336729
771.064712453498,25.2902016226647
772.028813858802,3.02257613567326
772.994658782386,23.7540869768744
773.958553761188,28.4857675117404
774.922345650335,23.2171113332646
775.887880514616,31.9476094487941
776.851466076654,10.6782990838888
777.814948598671,23.40867186348
778.78017355293,21.1382169791
779.743449847168,24.8679752880192
780.706623150987,9.59743656136419
781.671538344409,-3.67391171118277
782.634505519715,39.0549747314179
783.597369754171,9.78358392052326
784.560131064284,42.5119224375592
785.52463354099,40.2394756802927
786.487188854824,14.9672920936685
787.449641293842,33.6948575666891
788.411990874535,21.4221786640221
789.374237613391,18.14926194615
790.338224615799,20.8755904796485
791.300265523496,43.6022173719107
792.262203638829,26.3286261178873
793.224038978275,12.0548232613456
794.185771558302,-8.21918465811427
795.147401395378,28.5066088949338
796.108928505966,41.2322104517548
797.072194617163,26.95710034281
798.033516127435,10.6823371477545
798.99473496062,37.4074015377645
799.955851133167,65.1323000274498
800.916864661521,6.85703912726535
801.877775562125,46.5816253435132
802.838583851417,28.3060651783422
803.799289545833,26.0303651297534
804.759892661805,38.754531691603
805.720393215759,51.4785713536012
806.680791224122,33.2024906013148
807.641086703315,24.9262959161724
808.601279669754,54.649993775463
809.561370139855,56.3735906523431
810.521358130027,33.0970930158327
811.481243656679,61.8205073308217
812.441026736214,20.543840058072
813.400707385031,31.2670976542155
814.360285619528,48.990286571763
815.319761456098,41.7134132591026
816.277297128816,46.437014725245
817.236568414783,61.1600363692264
818.19573735195,79.8830150911218
819.154803956695,89.6059573228577
820.113768245396,57.3288694922514
821.072630234423,70.0517580230089
822.031389940146,47.7746293347299
822.988210968185,49.4980207677208
823.946766352258,51.2208768860364
824.90521950208,43.9437350072229
825.863570434007,51.6666015344808
826.821819164389,51.389482866916
827.778130277475,66.1129162132602
828.736174849517,113.835846278026
829.694117269017,79.5588103084971
830.651957552311,70.2818146874239
831.607861065912,111.005396298175
832.565497321378,115.728500398105
833.523031489597,130.451663958036
834.47862952336,141.175423489322
835.435959761546,152.8987249201
836.393187961414,162.622104885767
837.348480661749,210.346099416154
838.305505029316,216.069655329317
839.262427407462,240.793308815653
840.217414920687,297.517595314179
841.174133564201,321.241462751584
842.12891776556,366.96597541468
843.085432739499,464.690082090251
844.041845805434,489.414317984247
844.996325063306,555.139217308877
845.952534557231,680.863730323092
846.906810665514,761.588918820055
847.862816652419,868.313734160707
848.816889675963,891.039236971818
849.772692220808,931.764379812839
850.726562224435,957.490222047706
851.682161392153,961.215717530777
852.635828440659,946.941924266834
853.591224296156,909.667797501421
854.544688454308,873.394393783968
855.499881062461,744.120669847352
856.453142394998,713.847680689581
857.406302436198,591.574907970867
858.361190392293,555.301835009933
859.314147704905,465.029514298613
860.268832575699,429.756906707133
861.221587224395,352.485062936306
862.174240662499,343.213466735069
863.128621124092,291.941603749992
864.081071995203,253.670521817015
865.033421704122,219.399706081676
865.987497902087,231.128643730238
866.939645140876,191.858379519122
867.891691265842,132.588400097854
868.845463345657,158.318194299499
869.797307097292,149.048803586731
870.749049783444,127.779716220234
871.700691420207,132.510938373597
872.654058300055,139.241961241495
873.605497692439,126.973821563175
874.55683608373,105.706009913531
875.508073490013,103.438532450302
876.461035428058,101.170882919273
877.412070718801,103.904092957248
878.363005072792,93.6376556429429
879.313838506098,124.371577118291
880.264571034783,134.105863521276
881.215202674911,110.840520985945
882.16755778081,120.575047438295
883.117987498424,137.310466154318
884.068316375675,131.046274322262
885.01854442861,117.78247806041
885.968671673273,138.519083483114
886.918698125706,127.256096700794
887.868623801947,116.99352381994
888.818448718029,131.73137094312
889.768172889984,145.469644168973
890.717796333838,143.208349592219
891.667319065617,133.947493303655
892.61674110134,130.687081390161
893.566062457025,195.427119934702
894.515283148686,194.167615016327
895.464403192332,182.908572710175
896.413422603972,182.649999087474
897.362341399609,200.391900215545
898.311159595243,229.134282157802
899.259877206871,244.877150973759
900.208494250486,210.620512719023
901.157010742079,205.364373445306
902.105426697636,229.10873920042
903.053742133141,196.853616028285
904.001957064573,174.599009968924
904.948251806756,129.345414236652
905.896265970798,96.0918594858728
906.844179678658,105.838839933036
907.7919929463,95.5863616026234
908.739705789687,84.3344305152306
909.68731822478,83.0830526875737
910.633011722529,56.8327150105304
911.580423581543,59.5824606462369
912.527735080092,97.3327775570426
913.474946234119,57.0836717441691
914.422057059569,55.8351492049667
915.367249989927,39.5876912442677
916.314160398529,35.3403520807273
917.26097052633,33.0936141482236
918.205863383824,47.8479552630258
919.15247319021,55.6024365517514
920.098982763542,30.3575369941626
921.04539211974,31.11326256059
921.989885038336,26.8700862547839
922.936094200288,57.6270787363577
923.882203192812,71.3847142183864
924.826396371808,46.143461975822
925.772305265378,54.9024000569992
926.716298761165,73.6624597661176
927.662007619255,35.4227241898119
928.607616387351,39.1836613273981
929.551310381229,37.9457340120576
930.496719209035,37.7080330611523
931.440213678032,43.4714768577991
932.385422628954,24.2351614852238
933.328717636341,0.0
934.27372677376,51.7681428681292
935.216822382781,5.54345129426315
936.16163177005,57.3249586936273
937.104528043924,25.1134017490191
938.049137744368,27.9078645219204
938.991834746286,50.7090340904679
939.936244823206,9.51604359259028
940.878742616333,19.3295320703189
941.822953133,17.1486801701878
942.765251780474,27.974080464712
943.709262800135,39.8049595431536
944.651362365066,5.64186507313536
945.593362507976,40.4843655813527
946.537074496414,19.3320727173536
947.478875651368,42.185469740858
948.420577431533,18.0441579612616
949.363990530811,38.9077794728076
950.305493417547,37.7767566344307
951.246896976696,49.6507217836655
952.190011328787,44.5293457092948
953.131216088974,31.4129933699758
954.072321568749,21.3013263801282
955.015137315533,26.1940424762122
955.956044090753,60.0914527105264
956.896851632702,36.9932462264164
957.837559957078,18.8993225255509
958.779977847714,35.8094125579051
959.720487593299,31.7237609343835
960.660898168415,58.6420907850164
961.601209588746,46.5643018639798
962.541421869974,23.4902939884629
963.483342842212,34.4198352763252
964.423356701687,42.3530959852376
965.363271469113,31.2898373767521
966.303087160157,47.2299595199019
967.242803790485,21.1733625465677
968.182421375757,35.1199466514453
969.121939931631,50.0696120920121
970.061359473763,19.0222591884942
971.002486308101,20.9777055154495
971.941707679362,13.9360223903338
972.880830083855,15.8970220667048
973.819853537222,45.8606051155741
974.758778055099,25.8266721705376
975.697603653123,3.79512392774143
976.636330346926,38.7658611458503
977.574958152134,15.7387846460138
978.513487084374,7.71379531183374
979.451917159267,3.69079408933146
980.390248392432,15.6696819869148
981.328480799484,13.6503600753456
982.266614396034,27.6327294877063
983.204649197692,22.6166914193677
984.142585220063,36.6021471279561
985.078619040331,32.5890219444181
986.016357740815,28.5771668299716
986.953997708778,22.5665098280069
987.891538959812,45.5569524447249
988.828981509506,50.5483962484191
989.766325373446,58.5407428694417
990.703570567213,51.5338940001718
991.640717106388,23.5277513949825
992.575963086006,20.522226992684
993.512912552365,36.5172015400251
994.449763410818,6.5125881747212
995.386515676931,22.5082888986766
996.323169366269,30.5042057756268
997.257923521412,36.5002485048256
998.194380293367,39.4963041806066
999.130738535183,37.4922827591739
1000.06699826241,51.4880865511443
1001.00135927506,29.4836268461125
1001.93742220912,43.4787890484758
1002.87338667519,66.4734839534242
1003.80745304095,31.4676260103114
1004.74322080694,41.4610954196343
1005.67889015151,39.4538055741592
1006.61266200973,12.4456757654651
1007.54813474723,27.4365776232789
1008.48350910986,72.4264288214736
1009.4169865998,9.4151551731365
1010.35216444833,68.4026163767259
1011.28544583299,31.3887641098441
1012.22042722933,42.3734482563566
1013.15531032828,36.35659735615
1014.08829757655,51.338151812428
1015.02298431619,51.3179439918048
1015.95577561363,14.2959553727051
1016.89026605581,34.2720047902324
1017.82286146414,32.2460882396314
1018.75715567069,30.2180095412993
1019.68955525163,47.1877806893042
1020.62365328436,49.1551890080145
1021.55585709956,49.120263970452
1022.48975902025,44.082774925506
1023.42176713136,24.0427703034122
1024.35547300176,0.0
1025.28728547042,37.963677554863
1026.21900023507,35.9413835817153
1027.15241224005,31.9309301113931
1028.08393145459,9.93017733971953
1029.01714756353,38.9369381285472
1029.94847128952,22.9490092069934
1030.87969738835,56.9642246487282
1031.81261986304,65.980444144942
1032.74365056558,38.995432151375
1033.67458368705,42.0070513104033
1034.60721266605,19.01313965743
1035.53795048342,43.0115047139655
1036.46859076575,0.0
1037.39913352836,60.9780519279085
1038.33137145792,39.9464435194753
1039.26171903927,91.9052730946175
1040.19196914691,39.8544659165839
1041.12212179615,75.7939988028622
1042.05396892216,25.723704060766
1042.98392651286,34.6438288660405
1043.91378669113,62.5542242366317
1044.84354947228,81.4548670520994
1045.77321487161,60.3457342074922
1046.70457388566,80.2265639849715
1047.63404437968,65.0977916205017
1048.56341753779,57.9591743295456
1049.49269337529,85.8106890690583
1050.42187190746,69.6523128114414
1051.35095314959,53.4840225445388
1052.27993711694,71.3057952716254
1053.20882382481,62.1176080113995
1054.13761328845,64.919437797973
1055.06809481704,76.7108508978683
1055.99668965076,66.4926265964867
1056.92518728609,92.264350492509
1057.85358773829,33.0259996816579
1058.78189102262,103.777551275028
1059.71009715433,82.5189823990818
1060.63820614867,94.2502701956382
1061.56621802089,69.9713918218677
1062.49413278623,85.6823244502798
1063.42016285065,115.383631748152
1064.34788363499,73.074137701553
1065.27550735814,93.754386310512
1066.20303403533,122.424354808796
1067.13046368179,94.0840204454655
1068.05779631274,96.7333604848806
1068.98503194341,89.3723522066778
1069.912170589,86.0009729057766
1070.83921226475,85.6191998923583
1071.76615698586,76.2270104918669
1072.69121902687,86.8251678743634
1073.61797007107,73.4120979162159
1074.54462420621,94.9885436823871
1075.47118144751,66.5544825592473
1076.39764181015,66.1098919483842
1077.32222050169,98.655636388089
1078.2484873392,78.1899394641005
1079.17465734359,75.713645391825
1080.10073053005,102.226731633619
1081.02492285195,78.7301445963018
1081.95080263457,105.221944484215
1082.87658564477,107.703057207617
1083.8022718977,109.173460289494
1084.72607809211,114.634182698032
1085.65157106239,109.083119869651
1086.57696732089,132.521280102759
1087.50048412493,101.949754730064
1088.4256871916,131.366314724439
1089.34901120623,173.773186116622
1090.27402114155,157.168056499442
1091.19893444078,152.55203809839
1092.12196929158,143.926327034813
1093.04668955018,197.288485145693
1093.96953176246,201.64094817797
1094.89405904087,191.981193728764
1095.81848975881,167.310439026777
1096.74104303354,146.629986055205
1097.66528086191,172.937185367379
1098.58764164885,159.234684572349
1099.51168664802,132.519749126673
1100.43385500741,119.795111966994
1101.3577072377,121.057953111218
1102.27968322975,135.311091165165
1103.2033427515,115.551620366656
1104.12512643639,127.782445331836
1105.04681408297,99.0020914774833
1105.97018474778,74.2089978706934
1106.89168017741,92.4061987399155
1107.81485828432,114.590572423873
1108.73616155711,30.7652400119927
1109.65736886666,54.9286189019814
1110.58025834242,52.0790392929397
1111.50127358525,72.2197531600065
1112.42219290982,56.3491125882446
1113.34479388977,52.4653819561749
1114.26552123767,40.5719448865704
1115.18615271229,45.6670877706436
1116.10846533169,39.7490087862053
1117.02890491964,56.8212239639836
1117.94924867925,41.8819536209576
1118.86949662547,37.9311759758302
1119.79142503614,40.9670003630947
1120.71148121559,71.9931205088578
1121.63144162656,34.0076680550064
1122.551306284,36.0106212791321
1123.47285072596,0.0
1124.39252373641,26.9661105755072
1125.31210103821,44.8937608469113
1126.23158264629,30.7834268531651
1127.15096857558,25.6355843397681
1128.07025884102,45.4507087589406
1128.98945345754,25.229275269744
1129.91032666995,39.9692965100644
1130.82932984883,17.6761032261097
1131.74823742359,32.3477766689833
1132.66704940915,37.9847908261519
1133.58576582043,21.5876193926902
1134.50438667232,50.1567357714426
1135.42291197976,28.6926130731804
1136.34134175763,53.1957241167299
1137.25967602084,48.6665414291526
1138.17791478429,22.1055372458911
1139.09605806288,48.5131835108957
1140.01410587149,56.8899518768059
1140.93205822503,54.2363137050763
1141.84991513837,57.5527400661601
1142.7676766264,40.8397017396135
1143.685342704,90.0976692142857
1144.60291338605,65.3271126884574
1145.52038868743,124.528502069983
1146.43776862299,103.70230697645
1147.35505320762,115.848996735334
1148.2704719124,154.972695013211
1149.18756602374,116.066611383646
1150.10456482871,136.134817945613
1151.02146834215,123.177782868156
1151.93827657892,128.195974030974
1152.85498955387,148.189859024525
1153.7698378413,139.163846646449
1154.68636052097,135.110565586428
1155.60278798332,150.034378493999
1156.51912024319,139.935751804813
1157.43535731541,107.815151666026
1158.34973069278,130.677199700994
1159.26577761789,126.514090124747
1160.18172939979,85.3304029131705
1161.09581808193,151.130876579503
1162.01157980552,134.907466278401
1162.92724643034,105.664871568682
1163.84281797122,143.403556583512
1164.75652720543,94.1284031763264
1165.67190880631,69.8310727935616
1166.58719536763,117.516411917717
1167.5006202167,114.189400507352
1168.41571692671,121.841498539106
1169.32895232044,97.4822317528171
1170.24385923819,110.102934774645
1171.15867119029,132.708617582958
1172.07162242005,136.304405801518
1172.98624466847,65.8814593317061
1173.89900659023,95.4495922370849
1174.81343919397,147.999856865273
1175.72601186659,145.542170143659
1176.64025488463,117.067483967974
1177.55263836697,165.585811033148
1178.46669185827,186.088009876114
1179.37888620915,113.584181871816
1180.29275023263,126.065099282709
1181.20475551086,150.540945084965
1182.11843012542,134.002412342146
1183.03024638977,176.459758561651
1183.94196826051,151.908547317357
1184.85535896354,158.344275659355
1185.76689190849,201.7772996257
1186.68009334972,164.198145208664
1187.59143742762,228.617225344311
1188.5026871852,182.030021576352
1189.4156049354,236.431966524437
1190.32666591392,201.833545254801
1191.23763261608,216.23020066282
1192.15026680742,250.617337252063
1193.06104481846,250.005496419952
1193.97172859706,268.390090317454
1194.88407936163,295.766503216349
1195.79457453701,308.145317075673
1196.70497552383,288.521921191144
1197.6152823367,309.896766553717
1198.52725546508,293.26522269995
1199.43737379182,253.637901188647
1200.34739798848,287.01017309043
1201.25732806965,271.382488277973
1202.16716404993,257.755296344853
1203.07690594392,220.129046605732
1203.98831314862,182.499112638997
1204.8978667319,127.876098110396
1205.80732627269,114.255372914766
1206.71669178558,118.637385251891
1207.62596328514,105.022583043373
1208.53514078595,53.411413932726
1209.4442243026,76.8043252855443
1210.35321384965,44.2017641896417
1211.26210944167,31.6041774551715
1212.17266883906,33.0070032957651
1213.08137638306,14.420716385506
1213.98999001574,65.8407434651374
1214.89850975168,45.2675302351555
1215.80693560542,30.7015221191346
1216.71526759151,68.1431642638803
1217.6235057245,49.5929015395325
1218.53165001893,40.0511785397891
1219.43794419602,14.5233295394113
1220.34590103841,0.0
1221.25376408583,39.4139002141133
1222.16153335283,50.6956977185198
1223.06920885392,34.8501316652283
1223.97679060364,34.8819382821029
1224.88427861651,40.7958508744415
1225.79167290705,67.5965998263896
1226.69897348978,63.2889126025035
1227.60442571745,78.8842092711457
1228.51153910928,101.374007332759
1229.41855883682,134.769524985388
1230.32548491456,153.075478035846
1231.23231735702,118.29657937889
1232.13905617868,177.437538998685
1233.04394781859,166.510743961904
1233.95049962317,146.505670723509
1234.85695785042,179.434559175302
1235.76332251481,180.302107679774
1236.66784077894,113.121166055166
1237.57401854199,127.880214101116
1238.48010278562,168.591990806416
1239.38434121466,147.269597833173
1240.29023864367,156.900958043764
1241.19604259665,188.499089466568
1242.10000132044,166.077264213847
1243.00561854548,181.623011088752
1243.91114233784,196.149545715167
1244.81482148615,220.670229412619
1245.72015863719,259.172359501313
1246.62365153399,281.677979992688
1247.52880210141,326.174324065481
1248.43385930837,305.674756087662
1249.33707284574,392.192605945053
1250.2419435556,468.715145589859
1251.14497098538,384.264325740042
1252.04965525579,506.827534040891
1252.95249663548,526.426558160409
1253.85699452406,489.048973201269
1254.75964991117,516.716332073366
1255.6639614755,548.416469012373
1256.56643092748,511.170630550559
1257.47055622513,509.966981643613
1258.37283979944,534.82639091527
1259.27503054639,489.745273963041
1260.17887664201,507.720504789544
1261.08088159738,521.772251480946
1261.98454157011,487.889818141187
1262.88636079128,554.092816542172
1263.78808725674,554.378247110478
1264.69146824294,623.74374674345
1265.59300906021,722.207959566904
1266.49445716471,753.768343735155
1267.39755929356,721.423100434545
1268.29882183583,701.189746296801
1269.19999170825,645.066277172423
1270.10281510884,578.051538307322
1271.00379950493,474.161759288025
1271.90469127406,421.395553481134
1272.80549043053,348.757475025559
1273.70794245406,227.247351574815
1274.60855624862,145.879449316345
1275.50907747338,132.653328715507
1276.4095061426,98.5735326325394
1277.30984227056,72.6446011130017
1278.21183043983,44.8677881292599
1279.11198134878,23.2545089762234
1280.01203975927,-8.19429357079298
1280.91200568557,8.52590928410677
1281.81187914193,-33.580356470588
1282.7116601426,-15.508567652405
1283.61134870183,-28.2542038833983
1284.51094483387,-17.8127475887312
1285.41044855295,-49.1796839952235
1286.30985987332,9.64949887008402
1287.21092158568,26.6795265657843
1288.11014797233,22.8159646627973
1289.00928200299,-5.03121060414355
1289.90832369189,-4.86217577883372
1290.80727305326,38.3228927021524
1291.70613010132,25.5238185094074
1292.60489485028,53.7404254206318
1293.50356731437,40.9725373205838
1294.40040616253,49.2194839528739
1295.29889427828,61.4820487161197
1296.19729015174,109.759591104738
1297.09559379714,103.051935430956
1297.99380522867,118.358906113786
1298.89192446053,168.680327678965
1299.78995150691,181.016024758906
1300.68788638201,209.365822092641
1301.58572910001,271.729544525767
1302.48173993751,177.106272289394
1303.37939856242,237.497293744844
1304.27696507275,209.901715814042
1305.1744394827,237.319363768093
1306.07182180642,223.750062984398
1306.96737321254,191.192766962325
1307.86457158474,167.649020811902
1308.7616779132,213.117803030838
1309.65869221209,198.598939420952
1310.55387636307,213.091288182973
1311.45070682357,176.596587645513
1312.34744529695,184.113719657486
1313.24409179735,188.642510444266
1314.13890891905,190.181728295136
1315.03537169412,194.733293977029
1315.93174253863,205.295998080538
1316.82628458092,222.868544998901
1317.72247178481,242.452985248535
1318.61683057054,206.046881142188
1319.51283419023,259.652366315388
1320.40874594997,230.268124875977
1321.3028298676,211.892761436623
1322.19855812778,312.528529329491
1323.0924589296,292.172792447227
1323.98800374658,265.827880551577
1324.88172148884,405.491082859931
1325.77708291897,436.164802894012
1326.67061765789,483.8462578635
1327.5657957575,524.537922383742
1328.45914754929,597.236944321012
1329.35414237467,716.945866721185
1330.24731127551,746.66177076817
1331.14212288295,847.387265278513
1332.03510894899,1000.11936741157
1332.92973739474,1150.86074909795
1333.82254068212,1237.60836612702
1334.71525268983,1386.36347747474
1335.60960658725,1600.12740045781
1336.50213590042,1757.89700380806
1337.39630677667,1870.67510561303
1338.28865345139,2076.45851985557
1339.18090891646,2212.24857801956
1340.07480545496,2270.04666332107
1340.96687836562,2332.84951259861
1341.85886010859,2347.65849686871
1342.75248243558,2374.47503492526
1343.64428170814,2378.29579239498
1344.53598985496,2212.12217685919
1345.42760689,2108.95401930114
1346.32086385694,2007.79278134063
1347.21229853346,1854.6350428782
1348.10364214011,1771.48225563406
1348.99489469085,1627.33425100366
1349.88605619962,1496.1908604853
1350.77885682579,1493.05359184729
1351.66983611577,1465.91893260118
1352.56072440566,1407.78838225224
1353.45152170939,1386.66177270991
1354.3422280409,1385.53893598625
1355.23284341413,1301.41970419587
1356.12336784301,1326.30390955586
1357.01380134147,1320.19138438577
1357.90587265555,1317.0836932914
1358.79612415845,1257.97720996438
1359.68628477272,1184.87349335519
1360.57635451229,1237.77237619285
1361.46633339107,1217.67369130853
1362.35622142298,1198.57727163559
1363.24601862191,1079.48295020943
1364.13572500178,1042.39056016748
1365.0253405765,1063.29993474917
1365.91486535996,1068.21090729583
1366.80429936606,1056.12331125069
1367.69364260869,1016.03698015878
1368.58116848581,1041.9499704621
1369.47033041937,1033.86566866942
1370.3594016311,1111.78213339802
1371.24838213489,1083.69919859949
1372.13727194463,1175.616698327
1373.02607107419,1190.53446673523
1373.91477953745,1307.45233808032
1374.80339734827,1250.3701467198
1375.69019931288,1216.28594573103
1376.57863603641,1274.20313336198
1377.46698214908,1330.11976228882
1378.35523766475,1277.03566727402
1379.24340259729,1214.95068318117
1380.12975263206,1304.86287141975
1381.01773661571,1163.77561669279
1381.90563005776,1135.68697840494
1382.79343297204,1108.59679182368
1383.67942174672,1100.50313078146
1384.56704382273,1009.40935762427
1385.45457541249,1041.31354290044
1386.34029343084,1019.21377310777
1387.22764426521,894.113387124278
1388.11490465479,903.010467206407
1389.00035204092,881.903115382201
1389.88743175796,872.794641328699
1390.77442107166,823.68314187713
1391.65959794958,884.566737445525
1392.54640667352,830.448702787379
1393.43140333986,781.325449955624
1394.3180315292,716.200227256375
1395.2045693842,709.071162163898
1396.08929574885,677.936412081532
1396.97565315194,689.799180878843
1397.86019944257,694.655955656829
1398.74637644885,635.509907507431
1399.63074272043,613.357557971175
1400.51673938496,533.202042836205
1401.40092569244,530.039920606791
1402.28674207027,531.874289244204
1403.17074846858,430.701746737589
1404.05466502029,484.523756874053
1404.94021115877,493.341741127547
1405.82394788363,391.15236141324
1406.7093138729,341.958610129088
1407.59287082578,299.757194963209
1408.47633800057,241.549526380176
1409.36143395656,284.336966255254
1410.2447214416,270.116295617197
1411.12791918962,285.888889174254
1412.01274523585,218.65606928939
1412.89576337632,194.414695966186
1413.77869182081,129.166105337921
1414.66324808071,183.911577443546
1415.54599699978,174.648056885283
1416.42865626389,104.376838407996
1417.31122588668,103.0977621074
1418.19542268162,126.812047235824
1419.07781288843,132.51675990345
1419.9601134949,128.213135313122
1420.8423245147,80.9010139529992
1421.72444596146,61.5802364091925
1422.60819377689,59.251938963738
1423.4901359443,40.9133535867247
1424.37198857961,59.5656340620037
1425.25375169646,25.2086213671339
1426.13542530848,68.8421565773618
1427.0170094293,5.46608086557717
1427.89850407254,63.080235502261
1428.77990925182,70.6844618554379
1429.66122498076,35.2786013906218
1430.54245127297,34.862495670771
1431.425302329,57.4370918540137
1432.30634961467,0.0
1433.18730750448,50.5562324007145
1434.06817601203,42.1098099535035
1434.94895515093,16.6607762163152
1435.82964493477,67.2091747208206
1436.70853223344,49.7539893828845
1437.58904352173,51.2973876450167
1438.46946549572,48.8383485018823
1439.349798169,107.376915380265
1440.23004155515,110.913131680755
1441.11019566776,58.4470407777455
1441.99026052041,111.978686019457
1442.87023612667,70.5081107279483
1443.75012250012,110.035358199127
1444.62991965433,29.5604717027707
1445.50791619541,87.0824789303549
1446.38753512536,77.6034581453029
1447.26706487675,69.1224329613487
1448.14650546314,69.6394465439072
1449.02585689808,88.15454203232
1449.90340865463,77.6667658488958
1450.78258200072,72.1781579850185
1451.66166623601,66.6877612049898
1452.54066137402,69.1956185440572
1453.41785758084,52.7007899006171
1454.29667473824,75.2052876672587
1455.17540283897,89.7081684192186
1456.05404189656,137.209475087858
1456.93088276969,126.708279711573
1457.8093439548,67.2065697577686
1458.68771613735,170.703414275726
1459.56429069507,171.197893532699
1460.44248508616,195.691978055506
1461.31888222526,201.183787932158
1462.19689887885,149.675283230907
1463.07482659743,210.165546714786
1463.95095762325,237.653670702546
1464.82870768529,222.14160081514
1465.70466142711,242.627480959107
1466.58223388653,277.113247955975
1467.45801039817,271.597054077745
1468.33540530887,331.080828008642
1469.21100464409,312.562729724507
1470.08822205995,341.04468043359
1470.96364427253,261.524847154747
1471.8406842474,278.005144280782
1472.71592939107,300.483745213544
1473.59279197878,268.962558190112
1474.46786010726,244.439762336109
1475.34283983444,204.916331998296
1476.21943652861,212.393236548202
1477.09423932111,190.868662460664
1477.97065876259,180.344505466549
1478.84528467407,159.818956120217
1479.71982225125,107.292982657736
1480.59597600071,128.767549981099
1481.4703367773,132.240853532033
1482.34460925975,111.713858865685
1483.220497438,83.187529185316
1484.09459320024,66.6600633466771
1484.96860070848,60.1324249610651
1485.84251997608,35.6046558406931
1486.7180543046,70.0777180674603
1487.59179695907,85.5498127617516
1488.46545141301,58.0219020874284
1489.33901767977,58.4940277554875
1490.21419837295,74.9671520300501
1491.08758813357,46.4394756887936
1491.96088974709,56.9119607525183
1492.83410322685,82.3846488312029
1493.7072285862,30.8575815096136
1494.58026583846,25.3308003473256
1495.45321499698,34.8043468787256
1496.32607607508,100.27826261303
1497.20055031203,5.75351407528717
1498.07323509767,69.2282935642769
1498.94583184291,49.7035667136631
1499.81834056107,65.1793749320574
1500.69076126546,75.6557596029612
1501.56309396942,15.1327620847782
1502.43533868624,76.6104237108369
1503.30749542925,52.0887857893899
1504.17956421175,46.5678896036338
1505.05154504704,62.0477764117202
1505.92343794843,108.528487446774
1506.79524292923,79.0100639168913
1507.66696000272,45.4925470051739
1508.53858918221,97.9759778697156
1509.41013048098,99.4603976436404
1510.27988525816,95.9449001106294
1511.15125100662,123.431418874952
1512.0225289142,149.91904971824
1512.89371899418,205.407833673863
1513.76482125985,145.897811750272
1514.63583572448,181.389024931014
1515.50676240135,245.881514174735
1516.37590384737,249.374356522313
1517.24665515958,329.86951798167
1518.1173187238,386.366078151057
1518.9878945533,429.86407788972
1519.85668588875,473.362582920066
1520.72708645954,580.863581270723
1521.59739933535,643.366141540005
1522.46762452945,697.870304487963
1523.33606596583,814.375123247531
1524.20611600708,840.88261041141
1525.07607840633,996.391822306205
1525.94425759972,982.90180179225
1526.81404492546,1068.41458154727
1527.68374464888,1090.92920786305
1528.55166171806,1150.44471261566
1529.42118644725,1051.96314999194
1530.29062361379,1103.48355553677
1531.15827867744,1061.00494943157
1532.027540929,1016.52940879382
1532.89502144496,983.054929240683
1533.76410883429,904.583603959836
1534.63141485523,835.113412085301
1535.50032743511,759.646463504401
1536.36745901367,686.180720239059
1537.23619683683,607.718309504931
1538.10315402564,485.257175583631
1538.97171714479,455.799463647068
1539.83849999644,444.343099609117
1540.70688846429,419.890247225089
1541.57349703137,351.438813414436
1542.44171090058,255.990981142278
1543.30814523565,211.54463770773
1544.17449255938,217.100896894981
1545.04244471446,194.660892806742
1545.90861788496,173.222482149889
1546.77639557297,167.787898639227
1547.64239464274,112.354977800148
1548.50830676673,130.924858926648
1549.3758229378,133.498703189438
1550.24156103975,110.074313184275
1551.10721223523,69.6528444442702
1551.9727765373,132.23433666168
1552.83994425965,12.8199740540736
1553.70533464453,61.4075131431912
1554.57063817527,52.998132198859
1555.43585486496,20.5918708166737
1556.30267434848,26.1899375009743
1557.16771722573,38.7900402195089
1558.03267330115,44.3933812194708
1558.89754258782,0.0
1559.76232509879,15.6508662485265
1560.62870962112,23.3868114008834
1561.49331845046,19.202523594326
1562.3578405433,31.0969193628231
1563.22227591268,15.067562917505
1564.08662457167,33.1120199282747
1564.95088653331,28.227857523086
1565.81506181063,38.4126442872245
1566.67915041668,15.6639502625687
1567.5431523645,32.9793469468613
1568.40706766713,33.3564072929788
1569.27089633759,19.7927057082035
1570.13463838892,68.2858180535071
1570.99829383415,35.8333216427924
1571.8618626863,-17.5672047577906
1572.72534495839,-46.9181809306097
1573.58874066344,15.7779747927425
1574.45204981447,9.51884553071443
1575.3152724245,-21.6979841489219
1576.17840850653,-29.8749282298122
1577.04145807358,8.98560075227772
1577.90442113865,-4.11880829129382
1578.76729771475,5.80943499727039
1579.63008781488,19.767922421434
1580.49279145204,19.7542472296609
1581.35372392428,-19.2379483248575
1582.21625484329,-20.2032058618892
1583.07869933829,22.8521670838836
1583.94105742225,41.9257695307543
1584.80332910818,-0.984798061663241
1585.66383053757,42.1139475147103
1586.52592963505,32.2278277663256
1587.3879423734,27.350352675265
1588.2498687656,12.4791284565736
1589.1100256274,-16.3924047468122
1589.97177953481,5.74169663758892
1590.83344713495,-19.125119171326
1591.69334574891,-7.99939536353202
1592.55484094192,17.1248051946619
1593.41624986654,16.2409333974048
1594.27589034894,8.34250460024259
1595.13712694406,30.4353656966622
1595.99827730962,29.5130121597047
1596.85765977667,40.5690596934446
1597.71863789031,2.60918130065852
1598.57784846767,39.6230412093851
1599.43865438106,33.6161501560676
1600.29937412957,20.5821707967943
1601.15832688509,27.5149787329498
1602.01887451086,25.4197717455157
1602.87765550558,15.2867497927036
1603.73803106023,40.1208558487082
1604.59664034567,22.9125688283017
1605.45684388081,13.6665399677355
1606.31528150845,28.3735640415882
1607.17531307567,16.0379636614326
1608.033579097,57.6508863205457
1608.89175941831,13.2132827055678
1609.75153321431,41.7257092166278
1610.60954200645,27.17991123019
1611.46914396336,59.5792289220846
1612.32698127775,22.9158523229902
1613.18473295633,99.1902329033285
1614.04407733514,41.4023360839286
1614.90165761303,17.5450874298009
1615.7591522936,73.6185838447273
1616.61823921006,47.6223812646059
1617.47556256697,70.5502231701342
1618.33280036501,21.4018106858845
1619.1916299348,48.1762491493589
1620.04869648616,46.8681821896552
1620.90567751709,76.4768740139284
1621.7625730404,0.0
1622.61938306887,74.4643466533194
1623.47778409619,67.8990748996362
1624.33442300614,35.3024956990834
1625.19097645966,75.6754970095457
1626.04744446954,19.0180879280649
1626.90382704856,69.3302775489639
1627.76012420951,49.6120749638417
1628.6180114426,65.863951484767
1629.47413763863,53.0849323200626
1630.33017845494,76.2755482255985
1631.18613390429,41.4358082820977
1632.04200399947,36.5657215675653
1632.89778875323,53.6652971572925
1633.75348817834,77.7345441238549
1634.60910228756,52.7734715371156
1635.46463109365,51.782088464225
1636.32007460937,64.7604039696216
1637.17543284746,53.7084271150336
1638.03070582069,69.6261669594786
1638.88589354179,57.5136325592662
1639.74099602352,41.370832967998
1640.59601327861,78.1977772365668
1641.45094531981,52.9944744131619
1642.30579215987,79.7609335432646
1643.1605538115,38.4971636696525
1644.01523028745,62.2031738324027
1644.86814929356,52.8796370095167
1645.72265562296,86.5252934490859
1646.57707681483,41.1407570113541
1647.43141288191,74.7260367255984
1648.2856638369,58.2811416183901
1649.13982969253,33.8060807136101
1649.99223915366,63.3018811607437
1650.84623501519,24.7665747104264
1651.70014581547,42.2011295003465
1652.55397156721,64.605554543606
1653.40604164067,77.9811127128312
1654.25969749982,24.3253642095547
1655.11326834852,79.6395129651379
1655.96675419945,64.9235679819113
1656.81848508791,64.1790275739356
1657.67180114769,51.4029809571932
1658.52503224776,41.5968675749137
1659.37650892183,25.7623621087881
1660.22957030676,78.8962009626076
1661.08254677001,0.0
1661.93376934348,33.0756101122196
1662.78657616755,66.1194152070918
1663.63762945907,25.1351666705855
1664.49026669456,57.1190136653787
1665.34115075461,85.0749422417738
1666.19361845211,64.9988669575401
1667.04433333117,16.8950083871204
1667.89663154123,14.7590466235383
1668.74884494355,47.59312572865
1669.59930606292,83.3996241606512
1670.44968273134,44.1762984321579
1671.30164211813,16.9206710234861
1672.15184975686,31.6376652411271
1673.00363980777,46.3222586240221
1673.8536784672,-0.0203915571374864
1674.70529923272,38.6044583316456
1675.55516896322,32.2021993854718
1676.40495433085,51.7701785867448
1677.25632134573,30.3055093744941
1678.10593785993,55.8139332041586
1678.95713571551,33.2896096729413
1679.8065834266,41.7385137116862
1680.65594683763,50.1577003214686
1681.50522596117,29.5471783721141
1682.35608581491,61.9037114413093
1683.20519623587,44.2337407639594
1684.05422240699,10.5340881384408
1684.90482885008,-29.1986575532293
1685.75368639398,3.04229434355921
1686.60245972567,64.2535908793611
1687.45114885768,15.4352409054987
